<?xml version="1.0" encoding="UTF-8"?>
<beans xmlns="http://www.springframework.org/schema/beans"
	xmlns:xsi="http://www.w3.org/2001/XMLSchema-instance"	 xmlns:context="http://www.springframework.org/schema/context"
xmlns:p="http://www.springframework.org/schema/p"
	xsi:schemaLocation="http://www.springframework.org/schema/beans http://www.springframework.org/schema/beans/spring-beans-3.0.xsd
	http://www.springframework.org/schema/context http://www.springframework.org/schema/context/spring-context-3.0.xsd">
	 <context:annotation-config/>
	 <bean id="engine" class="com.yash.model.Engine">
  <constructor-arg value="B6"></constructor-arg>
  <constructor-arg value="ep1"></constructor-arg>
  <constructor-arg value="epn"></constructor-arg>
   </bean>
   
   <bean id="vehicle" class="com.yash.model.Vehicle" autowire="byType">
  <constructor-arg value="Creta"></constructor-arg>
  <constructor-arg value="fourwheeler"></constructor-arg>
  <constructor-arg value="22kmh"></constructor-arg>
  <constructor-arg value="200000"></constructor-arg>
  <constructor-arg>
	   <ref bean="engine" ></ref>
	</constructor-arg>
   </bean>
	 </beans>
	 