<?xml version="1.0" encoding="UTF-8"?>
<beans xmlns="http://www.springframework.org/schema/beans"
	xmlns:xsi="http://www.w3.org/2001/XMLSchema-instance"	 xmlns:context="http://www.springframework.org/schema/context"
xmlns:p="http://www.springframework.org/schema/p"
	xsi:schemaLocation="http://www.springframework.org/schema/beans http://www.springframework.org/schema/beans/spring-beans-3.0.xsd
	http://www.springframework.org/schema/context http://www.springframework.org/schema/context/spring-context-3.0.xsd">
	 <context:annotation-config/>
	 
	<bean id="parallelogramBean" class="com.yash.model.Parallelogram">
            <constructor-arg value="2"></constructor-arg>
            <constructor-arg value="3"></constructor-arg>
   </bean>	
   
   <bean id="triangleBean" class="com.yash.model.Triangle">
  
      <constructor-arg value="2"></constructor-arg>
            <constructor-arg value="3"></constructor-arg>
   <constructor-arg>  
        <ref bean="parallelogramBean"/>  
    </constructor-arg> 
   </bean>
   
    <bean id="rectangleBean" class="com.yash.model.Rectangle">
   
  <constructor-arg value="2"></constructor-arg>
            <constructor-arg value="3"></constructor-arg>
   <constructor-arg>  
      <ref bean="triangleBean"/>  
  </constructor-arg>  
   </bean>
   
   	
	 </beans>